source,campaign,influencer_id,user_id,product,date,orders,revenue
organic,n/a,,5275b94c-257e-42d0-b6b1-1a95b89f868c,HKVitals_ACV,2025-07-04,1,723.0
organic,n/a,,abcef8f5-73ec-4bbf-bd63-4c774d1e227b,HKVitals_Omega3,2025-06-13,1,1180.0
organic,n/a,,f05bb086-31d8-40dc-aa52-5be3241c4beb,MuscleTech_Nitrotech_Whey_Protein,2025-08-08,3,453.0
organic,n/a,,884aa404-3cb7-4ebc-8f6f-0df98873915b,MuscleBlaze_Whey_Protein,2025-07-05,3,1793.0
organic,n/a,,60e88e67-182e-4d88-83ad-e943ce4fb815,MuscleBlaze_Creatine,2025-07-10,1,4376.0
organic,n/a,,07bdc3a4-2270-4121-928d-0d45f4092ac9,MuscleBlaze_Creatine,2025-06-25,3,587.0
organic,n/a,,ceb8ed95-0df3-4718-a3a4-0526a5b31175,HKVitals_Multivitamin,2025-07-22,2,3311.0
organic,n/a,,c04dded0-0d93-4ff8-a499-376a619ac4bc,Gritzo_Super_Milk,2025-07-11,3,4462.0
organic,n/a,,7219b69f-1fc3-4c69-a836-d57cbffd9af9,MuscleTech_Nitrotech_Whey_Protein,2025-07-19,1,1512.0
organic,n/a,,7f63d915-89f0-44e1-8c55-3a922f14948f,HKVitals_Multivitamin,2025-07-23,2,4222.0
organic,n/a,,d0f1c424-5385-43ae-b89b-5ad48f12ef81,HKVitals_Multivitamin,2025-07-09,1,1084.0
organic,n/a,,c1597136-7ea1-4d65-893b-10a4d9b8c862,MuscleBlaze_Whey_Protein,2025-07-07,2,1221.0
organic,n/a,,2aaebc17-3bc0-4d12-bf7f-f747eeaacfdc,HKVitals_Multivitamin,2025-08-04,3,1502.0
organic,n/a,,6e6d8161-5e12-4d45-bf37-15a06fd8c2e9,MuscleTech_Nitrotech_Whey_Protein,2025-07-07,1,3333.0
organic,n/a,,5756c9b1-997d-483f-88fd-6fed3b895af5,MuscleBlaze_Creatine,2025-07-11,1,3603.0
organic,n/a,,cd3dc44f-4b09-45ab-89a2-b08307bf3af5,Gritzo_Super_Milk,2025-08-08,1,3042.0
organic,n/a,,9e89db48-375d-454e-82fd-bad0bc1f034d,HKVitals_Multivitamin,2025-07-02,3,1641.0
organic,n/a,,9a90857c-a91f-4da7-8fa1-35e4ecdb0bff,MuscleBlaze_Creatine,2025-08-01,2,4302.0
organic,n/a,,3da88723-dfc8-458e-87e0-775bda491f82,HKVitals_Omega3,2025-06-30,2,906.0
organic,n/a,,228dd615-8163-4b17-9592-eda164617fe3,HKVitals_Omega3,2025-08-02,1,995.0
organic,n/a,,7c1bc492-9313-4367-afbd-40281c70482c,HKVitals_Omega3,2025-08-03,3,4067.0
organic,n/a,,46681e89-1c3a-436c-bff5-03546335d9c7,MuscleBlaze_Whey_Protein,2025-06-22,2,3600.0
organic,n/a,,123d2c3b-b9da-4af8-ac82-a49fc644d65e,MuscleBlaze_Whey_Protein,2025-07-11,3,2423.0
organic,n/a,,b92164ea-8b78-4d8a-a816-b04ac9338596,HKVitals_ACV,2025-06-21,1,4518.0
organic,n/a,,f02f0fe7-1e62-491d-b381-2400ade3ec76,HKVitals_Omega3,2025-08-03,1,4768.0
organic,n/a,,f995f86e-62a8-4831-8b6a-f1ec31467b02,HKVitals_ACV,2025-07-14,3,4243.0
organic,n/a,,c5aa730d-d4af-488c-b41d-66432bda8def,MuscleTech_Nitrotech_Whey_Protein,2025-06-20,3,4636.0
organic,n/a,,aba41e27-5c72-4587-8424-1a5d5b2c0895,HKVitals_ACV,2025-07-02,1,1141.0
organic,n/a,,89ddf6ea-8146-439f-9be8-2e0318c1bb84,MuscleTech_Nitrotech_Whey_Protein,2025-08-04,2,2491.0
organic,n/a,,a327f7bd-276d-4897-9b05-5f4be8247ef3,Gritzo_Super_Milk,2025-06-18,2,3438.0
organic,n/a,,7aa05f79-0009-48d7-b4e5-828bb1207567,HKVitals_ACV,2025-07-09,1,4637.0
organic,n/a,,933fd627-f88a-4af4-8453-95bab02afa4b,Gritzo_Super_Milk,2025-07-16,3,1926.0
organic,n/a,,39c60561-0364-4fa0-b98a-016d987c6bcd,MuscleBlaze_Creatine,2025-07-03,3,4927.0
organic,n/a,,0c9f1f74-c0a9-41f0-9094-b17e3a1e0c3f,HKVitals_Omega3,2025-07-31,1,3108.0
organic,n/a,,b070aa12-c23e-4126-b046-cd10105f6426,HKVitals_Omega3,2025-07-05,1,3224.0
organic,n/a,,d33da33f-a886-4946-8ac8-8e98514c8e07,MuscleBlaze_Creatine,2025-07-22,2,1650.0
organic,n/a,,7c76009d-a47b-4338-b2d3-4e1a74d8889c,HKVitals_ACV,2025-06-26,1,3136.0
organic,n/a,,512a5770-4a2b-4a97-8034-b252f6c92a4a,MuscleBlaze_Creatine,2025-07-29,3,4120.0
organic,n/a,,dd8669cf-6714-4a29-a79b-bce988435b83,HKVitals_Multivitamin,2025-07-24,2,1416.0
organic,n/a,,921c00a8-828f-477e-8a77-6572a0e32130,MuscleTech_Nitrotech_Whey_Protein,2025-07-09,2,925.0
organic,n/a,,63dd3d69-0894-4ba5-a7cb-a1fb97348a5c,HKVitals_Multivitamin,2025-07-15,3,2159.0
organic,n/a,,61f160a7-7933-407d-9ea3-46435fa71df1,HKVitals_Multivitamin,2025-06-18,1,2545.0
organic,n/a,,52c3dd77-8ea7-4dfb-9b58-63364df2bfac,HKVitals_ACV,2025-08-10,3,1164.0
organic,n/a,,26dcdf56-86cd-488b-998f-e5d3f8a47af7,HKVitals_ACV,2025-06-14,2,1292.0
organic,n/a,,e1fc7cf7-081e-43c2-b50c-eba1a572fe7f,Gritzo_Super_Milk,2025-07-10,2,1860.0
organic,n/a,,ace07e33-b47c-4d51-bb59-3bd517c4202e,MuscleBlaze_Creatine,2025-07-23,3,2441.0
organic,n/a,,706184b7-9e44-448f-857a-66319755924e,MuscleTech_Nitrotech_Whey_Protein,2025-06-15,3,1018.0
organic,n/a,,f7eb9db8-9757-4837-b315-4711163c22d8,MuscleBlaze_Creatine,2025-07-14,3,1901.0
organic,n/a,,32f056fa-c064-4352-907c-92907b1383db,HKVitals_ACV,2025-07-12,2,941.0
organic,n/a,,de03e812-fdfb-4696-b1d5-1dc162274a3d,HKVitals_ACV,2025-08-06,3,3496.0
organic,n/a,,e5c10610-4801-471b-aeaa-9c2e5a662edf,HKVitals_Multivitamin,2025-07-01,2,2281.0
organic,n/a,,709f7bec-68d7-46e3-96e5-a1c8f297a13f,MuscleTech_Nitrotech_Whey_Protein,2025-07-17,1,3579.0
organic,n/a,,6e0fa3cb-28e1-44f4-b27e-2686f6355ceb,MuscleBlaze_Creatine,2025-07-09,3,1433.0
organic,n/a,,8e502e00-5109-4fbf-9b70-555d477b25da,MuscleTech_Nitrotech_Whey_Protein,2025-07-18,3,1419.0
organic,n/a,,3ea5843a-dfb1-4a7e-aff1-0d6470f478cc,Gritzo_Super_Milk,2025-06-12,1,4740.0
organic,n/a,,1db0a398-d86c-48ca-9697-4eeafdc361c4,HKVitals_Multivitamin,2025-08-07,1,1167.0
organic,n/a,,54eaef44-90d6-47d0-981c-87a4facb4675,MuscleBlaze_Creatine,2025-07-25,2,1121.0
organic,n/a,,27170e5d-504a-4b4a-9f74-bbb189991b97,MuscleBlaze_Creatine,2025-07-04,3,4793.0
organic,n/a,,14943859-4e31-4022-a716-ddf94656f89c,MuscleBlaze_Creatine,2025-06-26,1,2388.0
organic,n/a,,c94b4c77-f4e1-4a90-a400-98835eb4e707,HKVitals_Multivitamin,2025-07-02,2,2422.0
organic,n/a,,8e8be84b-54f8-499c-b882-f9c891306869,HKVitals_ACV,2025-07-13,3,2621.0
organic,n/a,,175f5391-2025-4c8a-83e1-5663e9b502f2,MuscleTech_Nitrotech_Whey_Protein,2025-06-28,2,4659.0
organic,n/a,,f0ceea01-1794-4cd3-8728-87237df02a26,MuscleBlaze_Whey_Protein,2025-06-16,3,1168.0
organic,n/a,,affe133e-1160-4c67-a907-e23ead802513,MuscleBlaze_Creatine,2025-07-15,3,2341.0
organic,n/a,,86567e21-d442-48d9-8776-6d88997d260a,MuscleBlaze_Creatine,2025-07-05,2,3074.0
organic,n/a,,94b6c873-1468-419b-b750-207c903f9e0b,Gritzo_Super_Milk,2025-08-05,1,4311.0
organic,n/a,,d80b2f72-05a1-420d-a9f4-4c0f469f4c52,MuscleBlaze_Creatine,2025-07-04,3,3243.0
organic,n/a,,59226fdc-92be-4ecf-8e21-36b589ac1d11,MuscleBlaze_Creatine,2025-07-18,3,2571.0
organic,n/a,,cd05073f-dfd0-4eee-8358-b565b6e100b5,Gritzo_Super_Milk,2025-06-28,3,3344.0
organic,n/a,,23e50863-ea6f-4647-a052-7ac1f8be45e8,Gritzo_Super_Milk,2025-07-18,2,3847.0
organic,n/a,,200ee2ba-ae03-4c48-9fc7-1bb2809a8b10,HKVitals_ACV,2025-07-04,2,4292.0
organic,n/a,,80c864d7-02c1-4c52-8953-7b60b397001d,HKVitals_Multivitamin,2025-07-10,1,1946.0
organic,n/a,,5b25d524-c5ab-4983-b490-f3e6ce5cb136,MuscleBlaze_Whey_Protein,2025-07-31,1,3750.0
organic,n/a,,07836ea9-4b15-4ec1-8059-5ebdd1b2c6f3,HKVitals_Multivitamin,2025-08-04,3,920.0
organic,n/a,,5c601e6d-4ef5-4126-ae58-584c8b62f852,Gritzo_Super_Milk,2025-08-01,1,3198.0
organic,n/a,,6be59966-7e00-4d3b-a472-b49cbe0e2f39,HKVitals_Omega3,2025-06-22,3,571.0
organic,n/a,,b985b127-0296-4865-a444-8f3d5a83f118,MuscleBlaze_Creatine,2025-07-26,2,3134.0
organic,n/a,,5da5cf4f-25e2-41d7-80ef-f2cdba0b2db3,Gritzo_Super_Milk,2025-07-05,1,1609.0
organic,n/a,,28cab294-5875-4682-a142-5eeef5e7d5cd,MuscleBlaze_Creatine,2025-07-21,1,4477.0
organic,n/a,,58c7e4fa-3c8b-448e-8894-7717264a4ac3,HKVitals_Omega3,2025-07-02,1,1808.0
organic,n/a,,f86727f2-4218-4af4-9c96-b30e6f1bba84,MuscleTech_Nitrotech_Whey_Protein,2025-08-07,3,3388.0
organic,n/a,,9ecdad4d-0a99-4640-9213-6c2c36b79524,MuscleBlaze_Whey_Protein,2025-07-11,3,2879.0
organic,n/a,,2a332161-1ce2-42c4-a3b8-a954fc860499,MuscleBlaze_Creatine,2025-07-17,2,3957.0
organic,n/a,,830cddad-abfc-4879-8c58-7d4175c07d75,HKVitals_Multivitamin,2025-06-24,3,561.0
organic,n/a,,262b9717-065b-4a7c-9b4d-b751062d77f1,MuscleBlaze_Creatine,2025-07-13,1,3558.0
organic,n/a,,eaa6ee1d-18f6-4e40-86f1-e13c09a1794a,MuscleBlaze_Creatine,2025-07-15,2,1891.0
organic,n/a,,fab2b4c6-684c-4977-b5c0-1c05cff547f8,HKVitals_ACV,2025-07-05,1,4303.0
organic,n/a,,39678d3c-f5dc-49c2-bf89-63c5189c68f8,HKVitals_Multivitamin,2025-07-11,1,753.0
organic,n/a,,675e4bd8-187b-48ee-b6d7-5edabea36159,MuscleBlaze_Creatine,2025-08-02,2,3656.0
organic,n/a,,bd0dcc39-3ea9-4cd1-beab-cc5192c386ed,MuscleBlaze_Creatine,2025-07-17,2,3006.0
organic,n/a,,c5d2f24a-edd2-4b9c-a084-1553b48d35b4,HKVitals_ACV,2025-08-01,3,4764.0
organic,n/a,,2c81c605-8fa5-4c82-a85b-1fdf019b5374,HKVitals_Multivitamin,2025-07-30,2,2896.0
organic,n/a,,e88530c5-b6bc-4941-9943-b85d40de050d,MuscleBlaze_Creatine,2025-07-07,3,3897.0
organic,n/a,,7812aee4-bc41-489e-af4a-351c15726c8c,HKVitals_ACV,2025-06-27,2,4054.0
organic,n/a,,ee7c5d1a-fc7e-484c-93ef-fca5d6052999,MuscleBlaze_Creatine,2025-07-09,3,4681.0
organic,n/a,,cb025772-2ff2-4bbe-bf45-68b2fed84f49,MuscleBlaze_Whey_Protein,2025-07-17,3,616.0
organic,n/a,,51474828-e587-4285-b268-b661d20669d7,MuscleTech_Nitrotech_Whey_Protein,2025-06-15,2,2334.0
organic,n/a,,6c446d6d-9b84-4c60-99a1-5637525e2585,MuscleTech_Nitrotech_Whey_Protein,2025-08-09,2,3456.0
organic,n/a,,848f2950-a914-4d9e-85f1-602ab8c85665,MuscleTech_Nitrotech_Whey_Protein,2025-08-08,2,2318.0
organic,n/a,,c5b20a33-cc94-474c-bfc1-72760708faee,Gritzo_Super_Milk,2025-06-28,2,4143.0
influencer,Campaign_1,32.0,75e08c2a-0f81-4ca8-bef7-66c1ad8df979,HKVitals_ACV,2025-07-19,1,43341.85557
influencer,Campaign_5,23.0,78fefa46-f0e9-4bca-96e5-800c475c5105,HKVitals_ACV,2025-07-03,5,164657.79820000002
influencer,Campaign_2,10.0,ee6d5d7c-c118-4ec3-bad8-d595759e3c6a,HKVitals_ACV,2025-08-01,1,155472.96492
influencer,Campaign_1,44.0,45d768b2-ca93-4ebd-a779-6ce726c8e9f7,MuscleBlaze_Creatine,2025-06-23,2,26488.86936
influencer,Campaign_2,30.0,73c1a840-9737-4e15-aaed-35d923275c2e,MuscleTech_Nitrotech_Whey_Protein,2025-07-13,3,85330.76895
influencer,Campaign_1,21.0,0452a319-73a3-48b6-b4e6-48b2f751f0be,MuscleTech_Nitrotech_Whey_Protein,2025-05-27,4,76777.23471
influencer,Campaign_2,38.0,fdb6d5a3-0a29-41f5-a7e1-937e34b4dde5,HKVitals_Multivitamin,2025-06-19,4,144953.24003000002
influencer,Campaign_3,4.0,86409d4c-49b2-4134-8398-38b2fb2fc38f,MuscleTech_Nitrotech_Whey_Protein,2025-08-08,2,39386.56162
influencer,Campaign_3,44.0,3497bb4f-0b4f-4604-a849-4592fb13be53,Gritzo_Super_Milk,2025-05-23,5,76607.83666
influencer,Campaign_1,38.0,ac1b335f-e7e1-49b1-afe6-7e85b46e995c,MuscleTech_Nitrotech_Whey_Protein,2025-07-17,1,57580.06209
influencer,Campaign_1,29.0,660a0af3-681f-4a37-a74c-ef416eb67701,MuscleBlaze_Creatine,2025-06-25,1,53261.11872
influencer,Campaign_3,25.0,fac44e72-f1f7-4495-837b-df944a812f64,HKVitals_ACV,2025-05-22,5,122228.31408
influencer,Campaign_1,27.0,90ab7772-ad52-436d-b1a2-b77f26e5419b,MuscleBlaze_Whey_Protein,2025-06-08,1,9008.0
influencer,Campaign_2,5.0,ce1dc503-f75a-4926-8342-912c8433418f,MuscleTech_Nitrotech_Whey_Protein,2025-06-26,1,31790.30506
influencer,Campaign_2,15.0,960d2adc-2656-4f96-ad82-048ea87ae782,HKVitals_Omega3,2025-06-23,5,103467.50568
influencer,Campaign_4,2.0,5c94fbf7-af8e-4e3c-89bb-32e78b158c8f,MuscleTech_Nitrotech_Whey_Protein,2025-07-04,5,72228.027
influencer,Campaign_2,11.0,a32793a7-db9f-4d56-b5f5-6c935be46d42,MuscleTech_Nitrotech_Whey_Protein,2025-08-07,1,8938.0
influencer,Campaign_4,50.0,2d70eefc-5c30-4173-a887-01e4bc94f661,HKVitals_ACV,2025-05-15,2,81726.12770000001
influencer,Campaign_4,32.0,d9a6194f-db77-4804-9aac-83e97811a50f,MuscleBlaze_Whey_Protein,2025-07-04,1,110581.64611
influencer,Campaign_4,34.0,d081375b-0563-4026-bab2-dcf729021b5d,HKVitals_ACV,2025-06-11,3,74195.18680000001
influencer,Campaign_4,30.0,0b44096b-633d-45d7-965a-3066072ab1ce,MuscleBlaze_Creatine,2025-07-22,5,69601.59495
influencer,Campaign_3,41.0,aa150d20-87c7-4c3a-ac44-872ec889d673,MuscleTech_Nitrotech_Whey_Protein,2025-06-12,4,143799.27964
influencer,Campaign_3,35.0,6a5c5be9-36c5-4748-8c05-919c36527ace,Gritzo_Super_Milk,2025-06-23,5,5920.0
influencer,Campaign_2,14.0,ebc918da-3baf-4884-8213-79d7d53c6da4,MuscleBlaze_Creatine,2025-05-19,1,143087.00913000002
influencer,Campaign_5,36.0,7074bebc-e330-4a6c-8b35-7ab850f20c23,HKVitals_ACV,2025-06-22,5,14918.0
influencer,Campaign_1,34.0,8f510bbe-9592-4001-ad19-8d422b51e8e7,Gritzo_Super_Milk,2025-08-10,2,14509.4712
influencer,Campaign_4,5.0,24f798b0-307f-474a-8967-b76e22ce948a,MuscleBlaze_Whey_Protein,2025-06-13,4,124079.81831
influencer,Campaign_1,50.0,14f85298-e6ff-4714-8012-c9d5255ba64a,Gritzo_Super_Milk,2025-07-18,4,173809.25315
influencer,Campaign_1,39.0,c2b5b8ec-35eb-4bfb-a968-d4b0627e999d,Gritzo_Super_Milk,2025-06-10,3,24853.12704
influencer,Campaign_4,1.0,cc76e176-3ebc-4406-bd85-3c873b8cfa78,MuscleBlaze_Creatine,2025-08-08,3,26624.92205
influencer,Campaign_4,42.0,118d8da4-2c0e-4c5d-8087-8695edc19c96,HKVitals_Multivitamin,2025-05-14,2,84755.25
influencer,Campaign_1,25.0,5b905e6b-0526-4f07-b733-7a865dc0bc5d,HKVitals_Omega3,2025-07-05,1,78827.22608
influencer,Campaign_5,22.0,6f4948c2-0218-4c44-9c04-80351c3dd76d,HKVitals_Omega3,2025-06-05,3,48045.11025
influencer,Campaign_3,10.0,afb04d1b-1eb9-45ef-aeea-871795ad8e4d,MuscleBlaze_Whey_Protein,2025-06-15,1,80369.53203999999
influencer,Campaign_2,24.0,9232a293-c623-4959-9203-bb07b6d3d95f,HKVitals_Multivitamin,2025-05-24,5,63403.858980000005
influencer,Campaign_1,1.0,b6ee68aa-9dc4-4530-8d83-ab431259871e,HKVitals_ACV,2025-06-03,4,6478.85048
influencer,Campaign_3,23.0,4fa00b3a-2ee2-4243-ab27-53a7bfef38ea,MuscleBlaze_Whey_Protein,2025-06-26,5,130264.64368000001
influencer,Campaign_3,26.0,3569214b-892b-43fc-a30b-0d8fe9609cfa,Gritzo_Super_Milk,2025-05-14,2,76751.82726
influencer,Campaign_2,29.0,40a2061f-8626-4715-8206-b75dad7c5ae3,Gritzo_Super_Milk,2025-06-17,1,22062.85824
influencer,Campaign_5,1.0,8036482a-d2e3-4270-b7cc-ef39e1ebdb5a,MuscleBlaze_Creatine,2025-07-27,3,9166.426730000001
influencer,Campaign_1,36.0,87b9a5fe-487b-4e70-9cde-8d215a507d60,MuscleBlaze_Creatine,2025-07-26,5,10726.0
influencer,Campaign_2,22.0,d042ce34-9a96-427f-bd21-2a1f5181c8ff,MuscleTech_Nitrotech_Whey_Protein,2025-08-03,3,49689.06342
influencer,Campaign_2,30.0,6767f829-98e1-445f-a81b-3c61aa466bfd,HKVitals_Multivitamin,2025-06-01,1,118886.34015
influencer,Campaign_2,31.0,3672a473-3b9a-4275-9a71-646c53bb561b,HKVitals_Multivitamin,2025-06-02,1,14120.428259999999
influencer,Campaign_2,9.0,a107da55-202d-458a-ba59-792932298f01,MuscleTech_Nitrotech_Whey_Protein,2025-08-04,4,193370.2288
influencer,Campaign_3,33.0,7b565b0a-e6c6-4dc0-b8b5-262d0139d82f,HKVitals_ACV,2025-06-15,1,11493.0
influencer,Campaign_2,50.0,a444a3b2-e02d-4b42-be45-c5a695c50001,Gritzo_Super_Milk,2025-07-24,1,93250.64156
influencer,Campaign_1,43.0,7b2df72e-5afa-489e-9989-96b7723a3163,Gritzo_Super_Milk,2025-08-07,2,60581.21918
influencer,Campaign_1,46.0,3956fa1a-c4d4-4000-9199-9df4e8157a2f,HKVitals_Multivitamin,2025-06-26,4,106760.37908
influencer,Campaign_4,30.0,5850ea6b-4bfc-4879-930f-48c5888f2f28,MuscleBlaze_Whey_Protein,2025-05-29,1,27761.99211
influencer,Campaign_3,24.0,6fb63a99-28d0-4cfb-aea2-62d7b8d6c755,HKVitals_ACV,2025-08-02,5,60399.574290000004
influencer,Campaign_4,14.0,3d3f36af-5997-4509-b4ac-c2e392ef5dad,MuscleTech_Nitrotech_Whey_Protein,2025-07-09,2,30780.581390000003
influencer,Campaign_2,29.0,3b0ed4cc-8426-42f5-a024-e76fd76ab5fa,Gritzo_Super_Milk,2025-07-09,2,28181.85408
influencer,Campaign_3,38.0,73d7b6c4-9253-430f-974e-c9b1f26ce9c8,MuscleBlaze_Creatine,2025-07-25,1,116627.32285
influencer,Campaign_3,24.0,5e9ca12d-20c5-44ef-b664-752c46aeb7ce,HKVitals_Multivitamin,2025-05-20,1,35423.6553
influencer,Campaign_4,18.0,42c736f4-37c7-4b74-822b-9857bac9fb0f,HKVitals_Omega3,2025-08-02,5,15305.82119
influencer,Campaign_1,16.0,477330ff-1594-432e-a7b3-2c1a20924963,Gritzo_Super_Milk,2025-06-01,1,81491.9424
influencer,Campaign_3,28.0,5c689ab7-8a09-477a-b56f-41d2d9ad70f9,MuscleBlaze_Whey_Protein,2025-08-06,2,39024.62625
influencer,Campaign_1,3.0,deadd946-5ccf-48c9-abab-65bba89e909b,MuscleTech_Nitrotech_Whey_Protein,2025-05-14,4,39174.29716
influencer,Campaign_5,47.0,9855dcdf-4e47-4e07-a1f7-5e9e9ecc6feb,HKVitals_Multivitamin,2025-05-31,1,22423.13664
influencer,Campaign_5,48.0,78f16683-40de-41f6-b980-6162b94b84de,MuscleBlaze_Creatine,2025-07-17,3,98774.76
influencer,Campaign_4,22.0,95f44b29-f461-4db5-a304-5d023e8a09c7,MuscleBlaze_Creatine,2025-05-14,2,89143.93950000001
influencer,Campaign_3,40.0,f499e2a6-e3a6-4cbf-97f6-4243ec0b0c69,HKVitals_ACV,2025-07-24,1,87482.93183
influencer,Campaign_1,33.0,65a9009c-dee0-4cc9-88f2-9c8da3599ed3,HKVitals_Multivitamin,2025-05-31,2,10801.0
influencer,Campaign_4,38.0,e9febf17-b1b7-451d-ade6-0bb464315286,MuscleBlaze_Whey_Protein,2025-07-10,3,84019.58098
influencer,Campaign_4,13.0,5c20d77f-e811-4248-ad85-ef4b2a099997,MuscleTech_Nitrotech_Whey_Protein,2025-07-07,1,51927.57627
influencer,Campaign_4,16.0,2c945edc-05b9-4bff-b8e1-74ebfff48a23,HKVitals_Omega3,2025-06-01,3,139572.8224
influencer,Campaign_4,3.0,f83ede6e-df2b-4981-94c4-220e38e1f421,HKVitals_Omega3,2025-07-10,5,31469.22658
influencer,Campaign_4,12.0,01ff0acc-da96-48f1-acad-d2d1372c7d5c,MuscleTech_Nitrotech_Whey_Protein,2025-07-31,3,79602.04518
influencer,Campaign_3,22.0,8b9b88c8-18ab-48c3-a99d-fb607036e0da,HKVitals_ACV,2025-05-27,4,59691.708060000004
influencer,Campaign_5,8.0,a914f3c4-5455-43f4-8656-48ec91357189,MuscleBlaze_Creatine,2025-07-26,1,18671.86506
influencer,Campaign_4,33.0,f8f7bc3e-ea8e-459e-a7d3-abccd278a2a4,MuscleBlaze_Whey_Protein,2025-07-25,5,8260.0
influencer,Campaign_3,25.0,7532f851-f2fd-4d1f-9385-6c3d4d744f8a,HKVitals_Multivitamin,2025-07-30,4,119352.992
influencer,Campaign_3,2.0,53388882-6568-4886-83e3-649e15886c22,HKVitals_Multivitamin,2025-07-13,5,56128.50446
influencer,Campaign_2,42.0,711f632f-2eae-4f2c-b0e4-2b6f66893364,Gritzo_Super_Milk,2025-06-29,1,30003.15
influencer,Campaign_4,18.0,779bf65d-93a3-4682-abbe-d8e1043df5d8,HKVitals_ACV,2025-07-04,5,19811.98824
influencer,Campaign_1,9.0,f5893147-0321-4e49-82ee-3f5a9f0cdffe,MuscleBlaze_Whey_Protein,2025-05-26,2,147241.48964
influencer,Campaign_2,47.0,f7567977-3775-421e-93e5-c87a8b9a7fb9,Gritzo_Super_Milk,2025-05-25,3,80280.13193999999
influencer,Campaign_1,4.0,535b0ed9-ee01-4323-85ea-a5d0749efa5c,MuscleBlaze_Whey_Protein,2025-07-31,3,25820.9357
influencer,Campaign_2,2.0,a484bef5-3d6a-4438-aaea-3bfd9c1df1d9,HKVitals_Multivitamin,2025-07-05,2,60231.89382
influencer,Campaign_2,37.0,8158315b-af51-414e-8510-a743d6878c99,MuscleTech_Nitrotech_Whey_Protein,2025-06-02,5,8905.48036
influencer,Campaign_2,13.0,716ccb03-7244-45a4-b5b0-246803cba6f9,MuscleBlaze_Whey_Protein,2025-06-20,4,59746.48989999999
influencer,Campaign_3,41.0,085c17c0-442e-4385-b4ed-507cb5155c25,HKVitals_Multivitamin,2025-06-05,5,56673.34564
influencer,Campaign_3,2.0,2817562f-7f72-46ef-8e10-9323a1a37e71,MuscleTech_Nitrotech_Whey_Protein,2025-05-15,4,91111.99231999999
influencer,Campaign_1,6.0,3cf41437-3595-43f3-b8f8-e187c2614d33,HKVitals_Omega3,2025-08-10,5,196809.20244999998
influencer,Campaign_3,10.0,8759503f-c58b-4531-bb78-9644522a080b,HKVitals_Omega3,2025-07-14,4,23426.758879999998
influencer,Campaign_2,13.0,98578304-2473-44ac-bf28-01012f8e6365,HKVitals_ACV,2025-07-13,5,27548.70306
influencer,Campaign_1,18.0,10278583-1432-4b0d-9f53-45910afba91a,HKVitals_ACV,2025-05-20,2,5452.8408
influencer,Campaign_2,7.0,314452c7-94bb-4b1d-b390-9a17e45cf029,MuscleBlaze_Whey_Protein,2025-06-09,3,45143.90483
influencer,Campaign_2,18.0,36c9b9d4-f576-46ae-a0f4-1f666fdc347f,HKVitals_Omega3,2025-05-22,5,27468.68553
influencer,Campaign_3,28.0,82b2fbac-f22a-4e79-bfb6-c1eac8d1a8a8,MuscleBlaze_Whey_Protein,2025-06-11,5,94240.64645
influencer,Campaign_2,35.0,8fedab32-50d5-46f6-912f-f98333c96743,Gritzo_Super_Milk,2025-06-23,2,1892.0
influencer,Campaign_4,19.0,c05d0783-a9fa-4433-93f9-6e1101ce98b1,MuscleBlaze_Whey_Protein,2025-07-20,3,71043.0112
influencer,Campaign_1,45.0,f5449d84-2a3d-41f7-b770-6b6d50aa29ca,HKVitals_Omega3,2025-05-21,5,66011.0561
influencer,Campaign_1,19.0,99192a4f-fef8-47cb-a4e5-67066f28b94c,HKVitals_ACV,2025-07-23,2,20772.5968
influencer,Campaign_1,28.0,33f585f3-3d0b-4d3d-a089-7aafb6756ef9,Gritzo_Super_Milk,2025-05-24,3,58093.1299
influencer,Campaign_3,14.0,1a47a28b-34dc-4fa8-a557-f8114f264797,Gritzo_Super_Milk,2025-05-26,3,148576.28058000002
influencer,Campaign_5,13.0,e3b26a14-ca5b-4d65-a92e-059aea3e9fc2,MuscleTech_Nitrotech_Whey_Protein,2025-07-18,1,70293.37831
influencer,Campaign_4,22.0,2cf8f9d9-6a61-456c-8715-176d7f88a94f,HKVitals_ACV,2025-06-22,5,22575.41325
influencer,Campaign_4,1.0,ccf6a40a-e606-4cc5-91f7-a1385fe6894b,MuscleBlaze_Whey_Protein,2025-05-26,1,15071.92761
influencer,Campaign_4,29.0,329753cd-6923-42fd-a7fe-b15be48c2720,MuscleBlaze_Whey_Protein,2025-06-17,3,22163.40512
influencer,Campaign_1,49.0,929e0be9-ef09-4143-b197-875d6ff0ddeb,MuscleBlaze_Whey_Protein,2025-07-16,3,48607.754550000005
influencer,Campaign_1,43.0,e3a4e4bf-656f-44ca-8761-cf8515dc3dd8,MuscleTech_Nitrotech_Whey_Protein,2025-07-09,4,55405.2925
influencer,Campaign_5,40.0,292e1a5a-1e26-4f91-a2cc-cfc23b99e0c6,HKVitals_ACV,2025-06-05,5,136659.00519
influencer,Campaign_4,7.0,091d5628-9097-48bc-94cc-4d4f460da2ee,HKVitals_Multivitamin,2025-06-02,4,73762.51248
influencer,Campaign_5,10.0,ac091c8c-82ed-4ea6-896b-33e90c2c7ee7,Gritzo_Super_Milk,2025-05-19,2,238844.66564
influencer,Campaign_5,23.0,76ed39e4-1d27-4200-87be-ecf0243410ef,HKVitals_Omega3,2025-05-15,2,30647.81764
influencer,Campaign_3,3.0,85a361ea-9f83-40ed-a144-5cf473252b12,HKVitals_Multivitamin,2025-07-07,4,6123.8402
influencer,Campaign_1,9.0,918cc3a6-9ae0-4961-a250-e799076a9792,MuscleBlaze_Whey_Protein,2025-05-17,4,89185.24104000001
influencer,Campaign_3,27.0,ab37d9a8-e76f-4b9e-88aa-eab83fc72a85,MuscleBlaze_Whey_Protein,2025-07-15,2,7126.0
influencer,Campaign_4,13.0,7f9214a0-0a22-4372-a62b-211cd3b16dba,Gritzo_Super_Milk,2025-06-16,2,42725.464159999996
influencer,Campaign_2,32.0,c5e9ebc2-6a98-48cd-ac1d-c777d9bf966a,HKVitals_ACV,2025-06-23,2,105200.65413000001
influencer,Campaign_2,24.0,98036250-2bb4-4630-9a53-88f1217d3d80,HKVitals_Omega3,2025-05-19,3,68724.88062
influencer,Campaign_5,9.0,20477998-eb00-4917-a953-585ac6474968,HKVitals_ACV,2025-05-21,1,42875.78204
influencer,Campaign_2,11.0,665c6696-148f-49b7-b482-4fb9c4047929,HKVitals_Multivitamin,2025-06-30,5,34188.3108
influencer,Campaign_4,31.0,e8caff2a-a3d3-41be-ba83-985e54aa5e8c,HKVitals_ACV,2025-06-21,2,36324.41472
influencer,Campaign_5,14.0,44cd22fc-e492-4e87-8c99-8e9070cc80d2,HKVitals_ACV,2025-07-29,5,197573.11093
influencer,Campaign_5,30.0,4bd24b7e-f01c-44d8-8453-e40eaade260e,MuscleBlaze_Creatine,2025-05-22,4,91176.77862
influencer,Campaign_4,27.0,47dc9880-6309-4ba0-a782-d8bb692ae23a,HKVitals_Omega3,2025-07-06,2,14766.0
influencer,Campaign_5,46.0,1f3bab62-dd68-42eb-8356-b6cfaccd8a33,HKVitals_ACV,2025-05-28,4,73492.13204
influencer,Campaign_2,18.0,0a8db877-46bb-4507-a7d8-7fa99076b02d,Gritzo_Super_Milk,2025-05-22,2,32898.80616
influencer,Campaign_5,5.0,8a70884b-84af-47d1-b490-c7a11067a555,HKVitals_ACV,2025-06-10,2,117428.87157
influencer,Campaign_4,21.0,8b9924f8-007b-404e-8b90-df5ed2cee92b,MuscleBlaze_Creatine,2025-07-01,5,101798.97501
influencer,Campaign_4,21.0,02257e38-38d2-47e9-8a68-d6bf895a2268,MuscleBlaze_Creatine,2025-05-14,4,106891.11865
influencer,Campaign_3,39.0,7bd415c4-c614-4880-9244-aee4beb94f9d,HKVitals_ACV,2025-07-18,1,93285.52198
influencer,Campaign_4,3.0,90768791-fa04-4599-ba3b-f6aa8499c5f5,MuscleTech_Nitrotech_Whey_Protein,2025-07-11,1,29129.37122
influencer,Campaign_3,46.0,0a27e64b-d0a0-42c8-9ac7-c1be2d9f719a,HKVitals_ACV,2025-05-30,3,96042.2608
influencer,Campaign_5,43.0,b5eb858d-64ba-4115-98e7-ca74be33d8be,HKVitals_ACV,2025-08-03,4,11753.07108
influencer,Campaign_5,7.0,2167c713-0b17-459c-af1d-852de42b4677,HKVitals_Multivitamin,2025-07-22,2,89797.84128000001
influencer,Campaign_4,44.0,4c14522e-5a07-42fd-841a-b57e0d8a2ca8,MuscleBlaze_Creatine,2025-07-01,1,48562.92716
influencer,Campaign_3,48.0,712fa6b4-4a38-49d5-abf5-f11302bfe51b,HKVitals_Omega3,2025-05-26,5,185464.1376
influencer,Campaign_1,42.0,03e640e2-c959-40d0-84b8-05c36e7898ce,Gritzo_Super_Milk,2025-07-16,3,19369.65
influencer,Campaign_2,50.0,1235108b-7071-4475-860a-f7bed88cfaa0,Gritzo_Super_Milk,2025-06-12,3,20525.68645
influencer,Campaign_1,16.0,0ca8e409-d92e-4eb0-bfd8-ed54b1ad5bdc,MuscleBlaze_Whey_Protein,2025-07-07,1,142476.8664
influencer,Campaign_2,36.0,e01aed61-5655-41e5-9a2e-523b641ecb50,MuscleBlaze_Creatine,2025-08-07,2,10264.14564
influencer,Campaign_4,29.0,1342e1cc-309e-4e11-ab84-96fcab67d62d,Gritzo_Super_Milk,2025-07-03,3,35909.6
influencer,Campaign_5,1.0,4f9211fd-03d7-4ad3-a607-8894643a113c,MuscleBlaze_Creatine,2025-07-27,1,32845.76521
influencer,Campaign_5,23.0,0b03d16d-5f53-4e58-99d5-a7180a09e8d1,HKVitals_Multivitamin,2025-05-30,5,197954.75656
influencer,Campaign_3,33.0,5e8669a3-82e4-4c57-a70b-e41641abdb84,HKVitals_ACV,2025-06-13,5,9732.3429
influencer,Campaign_1,26.0,420903df-6c65-429f-a4eb-d2db52a45b40,MuscleTech_Nitrotech_Whey_Protein,2025-06-09,5,117100.17288
influencer,Campaign_2,5.0,c1ef25b5-1d02-43ff-8ae0-571437befbcc,HKVitals_ACV,2025-08-03,2,100038.78147
influencer,Campaign_4,14.0,1760cc25-501b-4316-96f9-f5b44047d9cf,HKVitals_Omega3,2025-07-13,4,82583.03937
influencer,Campaign_2,48.0,ac520adf-5506-42bc-bbae-61755bc5952a,HKVitals_Multivitamin,2025-05-16,3,179227.7704
influencer,Campaign_4,4.0,98f14896-b6d1-47e9-a20c-45fa84cd4165,HKVitals_Multivitamin,2025-05-25,5,8874.91436
influencer,Campaign_2,11.0,d3006931-7515-4f12-b3e1-be06333eb95b,MuscleBlaze_Whey_Protein,2025-06-29,1,20243.895839999997
influencer,Campaign_1,10.0,5e97724a-a039-4c9e-b0a3-8081011e5ec0,MuscleTech_Nitrotech_Whey_Protein,2025-07-29,3,164577.90271999998
influencer,Campaign_2,23.0,cc1b7e6e-d3bb-4fd3-82e9-df90681b8ab1,Gritzo_Super_Milk,2025-06-12,1,109391.2418
influencer,Campaign_4,20.0,eb6521c2-16c5-4be3-85c3-24f537b64007,HKVitals_ACV,2025-07-20,5,145176.20481
influencer,Campaign_2,20.0,57b962d0-72a4-4be7-9481-af131ee50479,HKVitals_ACV,2025-06-23,4,80424.59229
influencer,Campaign_2,7.0,668ec187-3828-46d4-8267-348a42d2ad8d,Gritzo_Super_Milk,2025-06-01,5,23986.17933
influencer,Campaign_4,23.0,e96bf867-c86b-4bdb-8f25-abb91d81ac97,MuscleBlaze_Whey_Protein,2025-06-01,2,140541.48268000002
influencer,Campaign_5,29.0,4ea38f37-8355-49a7-9ddf-03b0fb9ab1c2,HKVitals_ACV,2025-05-21,4,56895.17024
influencer,Campaign_3,7.0,9f7a57b2-fc16-4be3-81f0-e932cf18f916,HKVitals_Multivitamin,2025-08-04,4,13719.11464
influencer,Campaign_1,18.0,0a07fc5f-7c1a-4ca8-b0c1-5cf0b548c166,Gritzo_Super_Milk,2025-07-05,4,21409.97353
influencer,Campaign_2,43.0,33627ea8-d293-4ad1-852c-69062f07ef08,MuscleBlaze_Creatine,2025-06-21,5,29296.88886
influencer,Campaign_3,7.0,3d57f17f-e3f7-4587-ae66-1bf01f0fcd3d,HKVitals_Multivitamin,2025-06-21,5,85900.36553
influencer,Campaign_2,46.0,d1a61bf4-cbb8-475e-a930-78999974047c,MuscleTech_Nitrotech_Whey_Protein,2025-07-22,5,121810.30036000001
influencer,Campaign_1,50.0,3932e716-84f9-4183-9522-92bdee0beb29,MuscleBlaze_Creatine,2025-07-13,2,179684.49551
influencer,Campaign_5,32.0,b5efeb3c-c704-4599-b921-24478cd54c70,MuscleTech_Nitrotech_Whey_Protein,2025-06-18,2,108682.47247000001
influencer,Campaign_2,25.0,1340b2ef-be82-4715-a07a-09afb395d207,MuscleTech_Nitrotech_Whey_Protein,2025-07-03,3,20208.6316
influencer,Campaign_5,42.0,81b22392-d2f0-4af3-b67e-73633023c380,HKVitals_ACV,2025-06-07,1,81189.90000000001
influencer,Campaign_3,37.0,97d3ccf4-0c1a-4221-b255-16fd476563f8,MuscleTech_Nitrotech_Whey_Protein,2025-05-22,2,23405.97154
influencer,Campaign_2,35.0,3752f88d-2b06-4a8f-af0a-04f3761f541a,HKVitals_Multivitamin,2025-05-13,5,8886.0
influencer,Campaign_2,34.0,7245490d-7181-4740-876f-34c14dafadb7,Gritzo_Super_Milk,2025-06-11,4,31715.3928
influencer,Campaign_4,36.0,e023a7c4-ac28-4e57-adf0-58750dca6635,HKVitals_Omega3,2025-07-06,1,10908.0
influencer,Campaign_5,35.0,3c763b60-f906-449c-a53c-a52b6215aee9,MuscleBlaze_Whey_Protein,2025-07-14,4,7867.0
influencer,Campaign_2,45.0,47876a26-fe21-4f02-bb09-56309003c4b5,MuscleBlaze_Whey_Protein,2025-07-04,3,68710.76014
influencer,Campaign_5,28.0,9784feb0-87bf-41bf-aeee-937603ede79b,HKVitals_Omega3,2025-06-26,1,63969.7795
influencer,Campaign_2,46.0,c130d85d-83ef-45f9-9ec2-191a8f380c4f,HKVitals_Omega3,2025-06-23,1,107428.71440000001
influencer,Campaign_3,32.0,05ab306d-0f04-4b68-85c5-8b986a0adcfa,MuscleBlaze_Creatine,2025-07-19,3,21682.23239
influencer,Campaign_2,26.0,b6fad125-ee43-492a-9714-91ed030c4f56,MuscleBlaze_Creatine,2025-06-01,1,80039.21391
influencer,Campaign_1,44.0,b0f84371-1f80-4dfa-aa51-0d8a6be79e04,HKVitals_Multivitamin,2025-05-13,3,24589.05291
influencer,Campaign_3,22.0,e153d894-2603-457e-8906-1952a536dd80,Gritzo_Super_Milk,2025-07-17,5,31142.493150000002
influencer,Campaign_1,10.0,f0f9bec0-60fb-44fc-94d6-857edebcdfb8,Gritzo_Super_Milk,2025-08-08,3,32482.480799999998
influencer,Campaign_2,46.0,57de1aed-879d-4a37-8e52-bfcbd03530ad,MuscleTech_Nitrotech_Whey_Protein,2025-05-22,3,51090.522240000006
influencer,Campaign_4,25.0,852ba416-e688-4bce-8383-cbb225079079,HKVitals_Omega3,2025-08-10,1,49422.988959999995
influencer,Campaign_1,35.0,38c7a2a9-252d-45ce-9aa2-0296cbee7641,HKVitals_Multivitamin,2025-07-09,1,13518.0
influencer,Campaign_5,16.0,8cafa88f-1d21-4e7a-afdc-579f3b5c93cc,MuscleBlaze_Creatine,2025-05-23,2,111247.224
influencer,Campaign_4,38.0,ac0e0391-706d-4b28-939c-bbdbf940e09e,HKVitals_Multivitamin,2025-08-02,1,117435.77926
influencer,Campaign_2,13.0,0d4ba192-f8ec-4b92-8232-8e2931d7bcf8,HKVitals_Omega3,2025-07-31,3,52196.53152999999
influencer,Campaign_4,22.0,f885387a-978d-4b7a-b30b-8976f67b0db0,HKVitals_Omega3,2025-07-22,1,30007.93392
influencer,Campaign_3,23.0,85c42931-74ba-4955-8d21-8e3437aca613,MuscleBlaze_Creatine,2025-05-17,3,184937.42716000002
influencer,Campaign_3,12.0,b1654b9f-d0e1-4047-a3e8-b375fcccc718,HKVitals_Omega3,2025-07-24,4,117188.51368
influencer,Campaign_5,22.0,550dac5b-cb57-4c99-8f6e-3a7a370fc009,HKVitals_Omega3,2025-07-22,3,92964.39405
influencer,Campaign_3,44.0,a2bd036f-79ae-4ac5-b0da-738ffa8f4603,MuscleTech_Nitrotech_Whey_Protein,2025-06-26,3,79629.44949
influencer,Campaign_1,47.0,395b1f28-c378-4120-a34f-3212ea87b7ef,Gritzo_Super_Milk,2025-06-22,1,33672.58188
influencer,Campaign_2,26.0,0b7d6183-c665-4cc5-aacd-0073be2b9793,HKVitals_Omega3,2025-06-24,4,102704.87976
influencer,Campaign_1,16.0,a4bc391f-d9c0-4d88-96c8-c87cdd2e72cb,MuscleBlaze_Creatine,2025-06-14,3,22740.8984
influencer,Campaign_5,26.0,d5007ef8-c05b-4f2e-92c6-a7bb474faa3f,HKVitals_Omega3,2025-07-07,2,134575.22823
influencer,Campaign_5,28.0,c03c7225-40a8-4948-83eb-1a283ca2b66b,HKVitals_ACV,2025-06-22,3,27577.40255
influencer,Campaign_1,41.0,a7e07012-ece5-4d9d-ad36-603a1c990484,Gritzo_Super_Milk,2025-05-29,5,85590.85802
influencer,Campaign_4,14.0,4676b290-0c53-48c6-b399-7808d1e1fcda,MuscleBlaze_Creatine,2025-07-11,5,146177.26565000002
influencer,Campaign_1,48.0,456aeed0-c138-4dbc-9118-f9ea2ca02cdc,Gritzo_Super_Milk,2025-05-27,3,80026.9232
influencer,Campaign_3,26.0,9b8de40b-0ecd-4b63-bd82-ab232c405c14,MuscleTech_Nitrotech_Whey_Protein,2025-07-31,2,131287.84158
influencer,Campaign_3,21.0,1e2b8dba-5dda-4022-be59-df9faa082e94,MuscleBlaze_Creatine,2025-06-08,1,184151.22905
influencer,Campaign_3,28.0,62872ec5-f1ce-410d-9d6c-db0ebc3f161e,HKVitals_ACV,2025-07-28,5,50747.3179
influencer,Campaign_5,26.0,7a04df7e-baf4-4630-bdd5-9002a8a68c91,Gritzo_Super_Milk,2025-05-25,5,81354.16857
influencer,Campaign_4,47.0,bae2f8e1-5070-4240-ba2d-6acbff61cc38,MuscleBlaze_Whey_Protein,2025-06-18,5,70886.65578
influencer,Campaign_2,31.0,3ddcc2e6-4b24-4773-9e3c-7df3b9d4171f,MuscleTech_Nitrotech_Whey_Protein,2025-08-03,2,13651.0
influencer,Campaign_1,20.0,d01f0889-bf4a-43d5-a7d5-316401208a26,HKVitals_ACV,2025-07-19,1,75371.90682
influencer,Campaign_2,40.0,a60b49fb-1e0a-411f-9d8a-deeaa4874afb,MuscleTech_Nitrotech_Whey_Protein,2025-07-16,4,40098.03995
influencer,Campaign_4,37.0,fa4e1931-b2af-4902-af52-7bcdd5c99689,HKVitals_Omega3,2025-08-08,3,29963.45114
influencer,Campaign_5,29.0,94fa0f34-da99-4c90-8898-00c804dd1423,MuscleBlaze_Creatine,2025-05-28,1,68458.06144
influencer,Campaign_2,11.0,2d67c927-e9f0-485a-bfb4-9692ba76291b,Gritzo_Super_Milk,2025-06-06,4,9841.0
influencer,Campaign_3,13.0,d0aa42ec-59c1-4f4a-a3a0-4c3150f2fcd5,HKVitals_Omega3,2025-06-05,5,30526.42201
influencer,Campaign_4,37.0,f1f8ca6f-4397-48da-81be-a076651ccd5f,HKVitals_Multivitamin,2025-08-06,3,14723.0
influencer,Campaign_1,43.0,f940ace4-d602-4373-9ffe-98750bc2137d,HKVitals_Multivitamin,2025-06-08,5,24364.03056
influencer,Campaign_1,43.0,fcb9ed3d-2837-420b-b126-71a5b78798f0,MuscleBlaze_Creatine,2025-07-01,2,46483.25314
influencer,Campaign_4,10.0,88ee7506-52a2-4e8d-8d11-6ebb7c658a0f,HKVitals_Multivitamin,2025-07-06,5,137213.87344
influencer,Campaign_1,6.0,7c5946ed-2112-4805-bd56-42485e9f19e9,MuscleTech_Nitrotech_Whey_Protein,2025-05-14,4,95608.59419999999
influencer,Campaign_5,18.0,53579596-4e70-44b3-a48f-7a70f73e0593,MuscleTech_Nitrotech_Whey_Protein,2025-05-18,2,23439.64205
influencer,Campaign_5,21.0,75cf95a1-cc5f-4461-a424-d24445da4f66,HKVitals_ACV,2025-06-15,5,140429.03021
influencer,Campaign_3,22.0,de3afadf-7c01-42b8-a8c3-924c4dce7ca3,MuscleBlaze_Whey_Protein,2025-06-17,2,20607.3003
influencer,Campaign_5,9.0,216c1405-9b8e-4604-9496-ff2b8610aa1f,HKVitals_Omega3,2025-06-03,2,145027.6716
influencer,Campaign_2,8.0,8efca5cc-1412-4877-ab77-6f6cd44080e5,MuscleBlaze_Whey_Protein,2025-08-07,1,15103.632000000001
influencer,Campaign_4,31.0,673eee6e-40c2-4f81-97aa-7064b77376c5,HKVitals_ACV,2025-08-04,4,16235.912639999999
influencer,Campaign_1,7.0,0a3d734d-fe93-411e-8e27-aaddd599b961,MuscleBlaze_Whey_Protein,2025-05-31,2,71869.45283
influencer,Campaign_2,43.0,1858e093-1947-495c-a111-f1c6ebddc99c,HKVitals_Omega3,2025-06-02,5,11667.28224
influencer,Campaign_5,33.0,92dec77a-5d36-4b9f-8555-7c8662f68805,HKVitals_ACV,2025-07-19,2,8372.25816
influencer,Campaign_2,49.0,acb5df05-6e82-4025-97b9-edb0572a9300,Gritzo_Super_Milk,2025-06-14,5,125349.60873
influencer,Campaign_1,37.0,fda35c24-cdfd-49d7-8c70-3c721ef31768,HKVitals_Multivitamin,2025-06-23,5,10957.33688
influencer,Campaign_2,41.0,ff37f0a8-bc91-4f30-9281-360a942c6fee,HKVitals_Multivitamin,2025-08-01,2,48914.98866
influencer,Campaign_3,44.0,6e1babd7-05bb-469c-b85a-a38924688f87,MuscleBlaze_Creatine,2025-07-20,1,36205.073489999995
influencer,Campaign_2,48.0,2b86fffc-6a5d-44bf-b357-1efa8097a020,HKVitals_ACV,2025-07-16,5,169272.824
influencer,Campaign_4,11.0,9b9aed82-582c-4d3d-a088-5f6a10643836,Gritzo_Super_Milk,2025-05-22,5,26198.38872
influencer,Campaign_2,5.0,5a96067b-a6c3-492b-afec-eab7d90c62c6,Gritzo_Super_Milk,2025-08-09,5,87835.20947
influencer,Campaign_1,41.0,dd02a41c-1581-4857-a455-bf4cb940bf07,HKVitals_Multivitamin,2025-07-30,3,193336.5964
influencer,Campaign_1,36.0,5575f8bc-7187-481a-a07e-d8d3c4f678bd,MuscleTech_Nitrotech_Whey_Protein,2025-06-28,2,8855.0
influencer,Campaign_4,1.0,058b6d76-d08b-4159-a9f4-811b82bcf6eb,MuscleBlaze_Creatine,2025-07-10,4,9569.0
influencer,Campaign_4,26.0,bc987b66-66d4-4a7e-bed0-28a307a0455d,HKVitals_Omega3,2025-06-13,1,92462.07504
influencer,Campaign_5,24.0,ba529953-7f26-47eb-93f7-1f36da92714f,HKVitals_Omega3,2025-07-19,5,14363.76909
influencer,Campaign_4,18.0,6993eec3-86b7-4afe-a07e-801242cda6df,MuscleBlaze_Whey_Protein,2025-06-23,1,36140.21708
influencer,Campaign_4,2.0,1efbd285-676a-44cf-9e42-ca61b88531dd,MuscleBlaze_Whey_Protein,2025-06-04,4,94712.92584
influencer,Campaign_4,38.0,93d7f7f0-c852-496c-9048-965238cd8c5a,MuscleTech_Nitrotech_Whey_Protein,2025-07-12,3,79677.87063
influencer,Campaign_3,42.0,9e6d813e-a9cb-4e7b-abae-730b05fbf737,HKVitals_Multivitamin,2025-08-03,5,81606.90000000001
influencer,Campaign_1,42.0,248012a0-fddd-4de3-aa9d-dc38cb5075a2,HKVitals_Omega3,2025-05-22,1,37947.0
influencer,Campaign_1,11.0,91b63d40-b38f-4af1-89a1-96ef40841c43,HKVitals_Multivitamin,2025-08-10,3,30959.22312
influencer,Campaign_5,19.0,ad083a3f-d4b4-47bb-a494-f0d6427959de,MuscleBlaze_Creatine,2025-06-26,4,59798.7936
influencer,Campaign_4,27.0,a7e6568b-9670-43df-8a83-ef4c45ae13f2,HKVitals_Multivitamin,2025-06-18,3,10810.0
influencer,Campaign_2,5.0,39e09f41-66c5-4cd4-a50d-f07111af373c,HKVitals_ACV,2025-06-18,3,98970.96892
influencer,Campaign_2,46.0,0065e2ab-0e30-4983-9d81-d1c586b963c3,HKVitals_ACV,2025-05-17,3,56833.25536
influencer,Campaign_3,49.0,c18770ad-c97f-40b7-9255-4e3c0d6f13d2,Gritzo_Super_Milk,2025-07-08,2,52798.670490000004
influencer,Campaign_4,44.0,bed0d97f-9ba4-4ae7-b567-dedd59a2d15b,Gritzo_Super_Milk,2025-07-19,1,16103.2061
influencer,Campaign_2,13.0,e841671c-4176-4feb-b359-54e342592d3f,MuscleBlaze_Whey_Protein,2025-05-21,2,17347.61427
influencer,Campaign_5,25.0,2484ffb1-7146-4582-955e-3c3b0dafe737,Gritzo_Super_Milk,2025-06-27,4,71123.53296
influencer,Campaign_4,5.0,f80a949a-8f16-4868-beae-282581b5504d,HKVitals_ACV,2025-07-21,3,86370.78083
influencer,Campaign_5,37.0,b148883a-c1b8-423f-8cac-87b03d2120f8,Gritzo_Super_Milk,2025-06-30,5,5140.21788
influencer,Campaign_1,29.0,9e380b84-54d4-4652-96f2-10da355e02b6,HKVitals_Omega3,2025-06-25,3,25754.36512
influencer,Campaign_3,35.0,caa13670-ab76-4c6f-9d08-51cfd02a8ba6,MuscleBlaze_Whey_Protein,2025-06-16,5,8498.0
influencer,Campaign_3,45.0,689f6c61-3875-4df8-bce0-934f1860f608,HKVitals_Omega3,2025-05-21,5,69467.9942
influencer,Campaign_5,8.0,31943799-7e3a-4922-ab53-dfb2a9cd3d1a,HKVitals_ACV,2025-05-28,4,17268.485920000003
influencer,Campaign_3,41.0,f814054f-1b1f-469d-949a-1e680c49efd7,MuscleTech_Nitrotech_Whey_Protein,2025-07-12,4,128407.0313
influencer,Campaign_2,27.0,b9e9f5b7-587d-4673-9f39-209ace4987fa,HKVitals_Omega3,2025-07-24,2,13579.0
influencer,Campaign_3,41.0,8034e869-7855-49ef-9eb9-b1f0c74dfa94,Gritzo_Super_Milk,2025-07-02,2,96917.22944
influencer,Campaign_1,38.0,5e8a76ab-3d25-42d5-b104-565b5d0cab66,MuscleTech_Nitrotech_Whey_Protein,2025-08-02,5,93212.02979
influencer,Campaign_5,38.0,b15e7344-d159-4c15-a0a3-6f1cde80a8c8,HKVitals_ACV,2025-06-09,3,110518.98553
influencer,Campaign_3,21.0,66be097e-a065-4fab-8853-687cedde7383,MuscleTech_Nitrotech_Whey_Protein,2025-05-17,2,203729.64339
influencer,Campaign_5,31.0,52382efe-ac71-45db-89f9-5ce515f97540,HKVitals_Omega3,2025-06-10,5,30390.739019999997
influencer,Campaign_4,44.0,60dfb673-5c19-443b-b733-d51e59e50c71,MuscleBlaze_Creatine,2025-08-09,1,89761.80389
influencer,Campaign_3,10.0,5ca54c96-ac66-43e9-ba84-bc8895220796,HKVitals_Omega3,2025-07-27,5,238992.31328
influencer,Campaign_1,46.0,0ecec16a-07f8-4668-b8f4-225e60ffa98a,HKVitals_ACV,2025-07-08,1,95324.41916
influencer,Campaign_2,2.0,406478a6-3f7e-4fa6-91b3-f2130f4b2747,MuscleTech_Nitrotech_Whey_Protein,2025-07-04,5,17041.627239999998
influencer,Campaign_3,36.0,bbe59b8a-4a8c-4b24-b7a2-98f2da43cd1f,HKVitals_Omega3,2025-08-08,3,11158.29148
influencer,Campaign_5,49.0,6d60de99-8c4b-4513-92b2-a86441ea60e7,MuscleBlaze_Whey_Protein,2025-08-02,4,85742.01792
influencer,Campaign_5,33.0,a8a7e43c-5eb9-4dc4-8005-5698765244fa,HKVitals_ACV,2025-06-07,2,13833.0
influencer,Campaign_2,49.0,29e41f73-3726-44a8-b3dc-9c968e5e7e6f,HKVitals_Multivitamin,2025-05-25,1,73237.97364000001
influencer,Campaign_5,21.0,8e245012-fb86-4c19-87c1-ed2c7be7d647,MuscleBlaze_Creatine,2025-06-11,5,175459.46663
influencer,Campaign_1,14.0,97e048f9-3197-47eb-8da9-f0781b3c329c,Gritzo_Super_Milk,2025-05-27,3,181105.29658
influencer,Campaign_1,41.0,a65411a0-74d8-4417-a8a8-58afcc07590e,HKVitals_Omega3,2025-07-12,3,91523.71924
influencer,Campaign_2,42.0,14e061d7-a53d-4a96-9b2c-98ff4c543163,Gritzo_Super_Milk,2025-06-04,3,72516.3
influencer,Campaign_5,37.0,68ebe46f-255c-4506-a78d-717a8ea06ea0,MuscleBlaze_Creatine,2025-06-21,3,38953.54414
influencer,Campaign_1,1.0,2babe9fd-243b-43e3-8821-45580ab4fdcb,HKVitals_ACV,2025-06-30,4,8929.0
influencer,Campaign_5,5.0,3379af3a-a5db-4f9b-bf73-d49d1aa28dd4,Gritzo_Super_Milk,2025-07-12,2,131401.96151
influencer,Campaign_5,13.0,325e7545-f413-4a8e-87d2-4a3dcd7500f6,HKVitals_Omega3,2025-07-25,4,83952.46329999999
influencer,Campaign_3,34.0,03513632-1015-47a5-9942-ed9fca0bd411,MuscleBlaze_Creatine,2025-06-13,2,71969.54520000001
influencer,Campaign_3,17.0,1d4fa18b-6da0-493b-b9b5-203ff866e4ac,HKVitals_ACV,2025-08-01,3,22969.96863
influencer,Campaign_3,9.0,e5ab8364-03cf-4fe1-8f9e-065b04debd92,HKVitals_Multivitamin,2025-07-01,3,204077.87932
influencer,Campaign_3,50.0,24e85b0b-cec9-4e74-bbe5-e8345d9eb6b0,HKVitals_Multivitamin,2025-05-24,3,152643.31593
influencer,Campaign_3,38.0,ad1ae943-9e44-462e-aff0-681b96c055b3,HKVitals_ACV,2025-05-18,5,121807.43244
influencer,Campaign_3,45.0,08f8b8d3-6ab7-4dcf-b93a-5c9012fd1a76,HKVitals_Multivitamin,2025-07-08,5,27573.19675
influencer,Campaign_4,5.0,fedaca41-53b2-4522-aba6-9cac39fbc265,MuscleBlaze_Whey_Protein,2025-06-04,4,32858.11761
influencer,Campaign_3,13.0,4fa545ab-9e8d-467d-9617-bf6305a56768,HKVitals_Multivitamin,2025-05-27,1,82473.20937
influencer,Campaign_3,33.0,b94d970c-aa7d-4cc6-b224-aa034b20ec73,MuscleBlaze_Whey_Protein,2025-07-23,5,8022.0567
influencer,Campaign_2,49.0,6e154fbf-783f-45f7-a1ff-0c0f92ab887f,MuscleBlaze_Creatine,2025-05-18,1,118170.08880000001
influencer,Campaign_5,25.0,20ea78b3-bdc1-49bc-a1e7-dc6d512bca42,HKVitals_Omega3,2025-07-30,2,47822.57384
influencer,Campaign_4,12.0,a116d727-c0d0-481e-83da-e8250ada6927,MuscleBlaze_Whey_Protein,2025-05-13,1,144128.86894
influencer,Campaign_1,39.0,8ce9992b-e37a-4e65-965b-acdb46b75327,HKVitals_Multivitamin,2025-06-29,2,114988.86035
influencer,Campaign_4,39.0,547691a3-d7a0-4e6b-847d-a4dcd1f5dc9a,MuscleBlaze_Creatine,2025-07-27,2,152354.84649
influencer,Campaign_1,22.0,e6ddfe01-92f0-4aa0-a083-1012e588a798,MuscleTech_Nitrotech_Whey_Protein,2025-07-01,2,18477.10746
influencer,Campaign_2,28.0,c4caf6a1-23e3-43c4-8fee-36deeb97948b,MuscleBlaze_Creatine,2025-06-23,3,129622.97425
influencer,Campaign_1,37.0,d8cde2cc-66d5-439f-9a70-ed5ef6f24ac1,HKVitals_ACV,2025-07-04,2,45849.4743
influencer,Campaign_3,12.0,0e78a3ef-d76e-49a7-8a34-99c2bf0963b2,Gritzo_Super_Milk,2025-05-20,3,125030.87954
influencer,Campaign_3,2.0,564b080b-5424-4ddc-afa6-3de9f610a3d2,HKVitals_Omega3,2025-06-12,1,20370.39718
influencer,Campaign_2,11.0,196dd41c-8510-47c2-aaf0-2b87323f3f1b,MuscleTech_Nitrotech_Whey_Protein,2025-07-26,3,32684.163119999997
influencer,Campaign_1,7.0,2aacf1d6-37bb-4c03-8116-eda548072812,Gritzo_Super_Milk,2025-07-21,2,107369.88909
influencer,Campaign_3,48.0,9e7483f5-89ba-48d8-bf19-6521a9cb1257,HKVitals_Multivitamin,2025-06-12,2,158543.1736
influencer,Campaign_3,15.0,2b1a9a43-803f-4447-8fd3-9ab0bfb4d8e9,HKVitals_Multivitamin,2025-07-16,5,81075.60846
influencer,Campaign_4,34.0,e8376be0-27fc-4e7d-8191-0db5b82a338b,MuscleBlaze_Creatine,2025-05-18,5,39034.329600000005
influencer,Campaign_1,34.0,37448076-bce2-41b0-bd37-c3382ef0cf9b,HKVitals_Omega3,2025-05-31,4,93926.35560000001
influencer,Campaign_4,46.0,8102ae44-34ae-47a6-b256-6fd38dbd5333,HKVitals_ACV,2025-05-19,3,41535.80248
influencer,Campaign_2,2.0,b6ada7d9-aeba-43e2-98d5-02b4c3a0dac0,Gritzo_Super_Milk,2025-05-24,1,59206.04648
influencer,Campaign_3,42.0,f1b3d0e9-fdbd-45c2-89e9-a71cd4b40bc5,Gritzo_Super_Milk,2025-06-14,2,103561.95000000001
influencer,Campaign_3,24.0,34e79f8e-465f-4d0a-bde8-fe04e4939aca,HKVitals_Multivitamin,2025-06-07,5,41477.06475
influencer,Campaign_4,36.0,f5db2977-d810-4cc9-99d7-bd9e6010306d,MuscleBlaze_Creatine,2025-07-02,5,5705.3917200000005
influencer,Campaign_3,37.0,4b85ddfd-743a-47a0-bb16-22338b86caf9,MuscleTech_Nitrotech_Whey_Protein,2025-06-25,2,14722.59936
influencer,Campaign_3,33.0,0c63f72d-473f-479f-9e40-3e8abd8cf83d,MuscleBlaze_Creatine,2025-07-03,3,7947.0
influencer,Campaign_3,50.0,2e3a9417-32eb-410a-ac44-6fe2a102bf7b,HKVitals_Multivitamin,2025-05-16,1,119839.87942000001
influencer,Campaign_4,40.0,de989981-b439-4017-bf1b-29c54581b62b,MuscleBlaze_Creatine,2025-05-16,4,175128.69834
influencer,Campaign_4,9.0,8e8ab227-3ec0-4e4f-abe2-06b41f69516f,HKVitals_Omega3,2025-08-02,5,93974.3168
influencer,Campaign_3,31.0,6901d2a1-9d73-4b03-943f-663d94ddfb62,HKVitals_ACV,2025-06-12,3,48776.534159999996
influencer,Campaign_4,4.0,b36d4dc5-cdc4-44cf-8626-c8dd81c9393f,MuscleBlaze_Creatine,2025-07-17,2,11656.0
influencer,Campaign_4,50.0,c0b56116-e0f1-496e-8a64-15d910e23007,MuscleBlaze_Whey_Protein,2025-07-02,3,162435.38653000002
influencer,Campaign_1,40.0,96e53539-e7ab-49d2-b4ff-2acd632af573,HKVitals_ACV,2025-07-20,5,31427.09324
influencer,Campaign_4,1.0,2350db07-5b1d-4022-9f36-50b79c06a7d4,HKVitals_ACV,2025-05-30,5,22632.97546
influencer,Campaign_3,2.0,1db04aa0-b1f8-4611-83b6-d5a8fa8a0b3e,MuscleBlaze_Whey_Protein,2025-06-20,1,95026.96074
influencer,Campaign_3,27.0,c7e88283-684e-4d82-bb84-20551adcdc9c,HKVitals_Multivitamin,2025-06-03,3,11007.0
influencer,Campaign_2,22.0,0f788e92-7fa9-4f07-9872-4d7fe936a894,HKVitals_ACV,2025-06-09,2,102897.57588
influencer,Campaign_4,49.0,ca76ab99-0309-4180-aca9-8dfb1215cf95,HKVitals_Omega3,2025-07-27,3,99414.02238000001
influencer,Campaign_5,5.0,afb4d0c2-a2d8-42b8-b86d-a5ac353ea0db,MuscleTech_Nitrotech_Whey_Protein,2025-07-04,5,52688.92211
influencer,Campaign_2,34.0,24af2b60-d7aa-4038-9d62-c51e68bc16c7,MuscleBlaze_Creatine,2025-08-08,5,98805.6468
influencer,Campaign_5,5.0,eb0dae39-a7a4-4d9e-87ea-247ecf07f9a8,MuscleTech_Nitrotech_Whey_Protein,2025-06-23,3,83808.03070999999
influencer,Campaign_5,21.0,d6009808-c2bf-43de-bbb8-3699d63d9dbe,MuscleBlaze_Creatine,2025-07-24,1,51974.98336
influencer,Campaign_2,7.0,c5513a93-658b-4c04-898c-9646973b1bf3,MuscleBlaze_Whey_Protein,2025-08-04,3,24810.21706
influencer,Campaign_4,36.0,7d3e1e6a-2f7c-46a9-a29d-e94666eee58e,HKVitals_ACV,2025-05-30,1,10720.48432
influencer,Campaign_3,15.0,414d2f3e-c3a1-4a5f-a031-8eaaec20e472,MuscleBlaze_Creatine,2025-06-04,2,105509.05596000001
influencer,Campaign_2,46.0,6cece612-5146-4e1d-83e5-be7004dac869,MuscleBlaze_Creatine,2025-05-23,2,100770.11436
influencer,Campaign_1,45.0,07183931-6dfb-45e9-8476-8531d8613d25,MuscleBlaze_Whey_Protein,2025-07-09,4,27013.50201
influencer,Campaign_2,6.0,4673991b-133b-49da-9bf7-d2d5a89cb7d5,Gritzo_Super_Milk,2025-06-08,2,163356.09185
influencer,Campaign_4,46.0,293e019b-922c-498f-963b-22f63324acaf,HKVitals_ACV,2025-06-08,1,58937.273960000006
influencer,Campaign_4,6.0,144aaaf1-0159-4881-af64-ae6105644ef9,HKVitals_Omega3,2025-07-07,2,35333.6109
influencer,Campaign_4,38.0,bf2eae7a-116f-456c-ab83-b96e87b8e082,HKVitals_Multivitamin,2025-06-07,4,23175.75042
influencer,Campaign_1,5.0,2f8b1cb7-81c5-4c86-8390-0dd6224e70ce,HKVitals_ACV,2025-08-05,2,14552.75961
influencer,Campaign_3,11.0,ae02a2b5-4b69-4fe4-928d-ee7a278fd830,Gritzo_Super_Milk,2025-06-15,3,31048.92
influencer,Campaign_1,20.0,6c9de348-5828-4842-aa0f-fc59782c3aa7,Gritzo_Super_Milk,2025-07-01,3,114763.54386
influencer,Campaign_3,43.0,e31c94ed-ea6d-4574-9bc9-cb62a5c25d11,MuscleTech_Nitrotech_Whey_Protein,2025-06-02,3,68230.72408
influencer,Campaign_4,28.0,d6839f46-1027-4677-8a79-a4751682807e,Gritzo_Super_Milk,2025-06-12,4,61857.85855
influencer,Campaign_5,1.0,1f624bd2-99d5-4d8f-8a5f-729ce988d4af,HKVitals_ACV,2025-06-03,4,27062.10112
influencer,Campaign_4,36.0,8ae01e0d-2f40-4d16-a021-cb3976cdca9c,HKVitals_Multivitamin,2025-07-30,3,4156.0
influencer,Campaign_5,37.0,40b2662e-8a05-47a8-bbff-7cf72ba84a9b,Gritzo_Super_Milk,2025-07-26,4,35082.51586
influencer,Campaign_4,19.0,6a6145b1-90c1-4575-945e-53f096fa6e57,HKVitals_Multivitamin,2025-06-12,1,81739.62079999999
influencer,Campaign_1,12.0,a7e13f72-5da7-4008-8a44-6985e3713221,HKVitals_Multivitamin,2025-05-19,4,202845.02784
influencer,Campaign_1,38.0,29474330-f0dd-4881-8590-122b395c78cc,MuscleBlaze_Creatine,2025-06-20,1,16139.185370000001
influencer,Campaign_4,7.0,e54c9c58-fea8-438f-af7a-5291d4dcb637,HKVitals_ACV,2025-08-10,5,41513.68456
influencer,Campaign_5,20.0,196f8ab0-23af-4802-9f74-ba7f64277d43,HKVitals_Multivitamin,2025-06-09,5,20790.03066
influencer,Campaign_4,49.0,82a02008-7344-4e91-a790-6893c4959fc4,MuscleTech_Nitrotech_Whey_Protein,2025-05-26,2,35554.08195
influencer,Campaign_5,29.0,ebf3dee8-086d-4813-842e-c5660b0bb1d5,HKVitals_Omega3,2025-06-05,5,69161.8896
influencer,Campaign_4,25.0,e33a056e-3825-4160-8ee6-b88820d084ba,HKVitals_Omega3,2025-05-19,4,35480.38944
influencer,Campaign_3,49.0,5a568d08-3b3a-49a9-b190-472954030a21,HKVitals_Omega3,2025-06-30,3,160251.00705000001
influencer,Campaign_5,15.0,a24aed60-d2bc-4fb0-8391-a7733f0a8320,MuscleBlaze_Whey_Protein,2025-06-29,4,86201.20278
influencer,Campaign_3,50.0,904cb177-242e-497c-b676-b510f35d9499,MuscleBlaze_Creatine,2025-05-28,5,98222.00048
influencer,Campaign_4,18.0,d507301b-a1f6-4780-a1c4-e86808e54b46,MuscleBlaze_Creatine,2025-05-22,2,13026.2308
influencer,Campaign_4,13.0,b4e6fd56-dc99-4739-882e-049dde11e684,HKVitals_ACV,2025-08-09,4,8529.72396
influencer,Campaign_5,21.0,00823692-9d43-49b9-adb7-2edb880bfd41,MuscleBlaze_Whey_Protein,2025-08-02,5,145652.86722000001
influencer,Campaign_2,3.0,6d35bffd-6676-4047-b9d2-541e4c1cab01,Gritzo_Super_Milk,2025-08-03,1,40846.92814
influencer,Campaign_4,11.0,6f003662-e08d-4591-b3aa-6318d3bd19f6,MuscleTech_Nitrotech_Whey_Protein,2025-05-19,3,13891.0
influencer,Campaign_5,46.0,5d08307c-6fa9-4a82-8a42-377f78b82191,MuscleBlaze_Whey_Protein,2025-06-25,1,120300.3576
influencer,Campaign_1,12.0,0980105d-4f5b-445f-b260-c2e99bfc4be2,HKVitals_Multivitamin,2025-07-03,1,33401.16444
influencer,Campaign_5,45.0,4362ba0c-4411-4b34-97e4-bf565d533bbd,HKVitals_Multivitamin,2025-06-08,3,58586.86999
influencer,Campaign_4,27.0,99f2f876-4157-4122-8421-2eb1d2a9e5ea,HKVitals_Omega3,2025-05-22,1,14998.0
influencer,Campaign_1,10.0,78a794ac-56f6-4635-95ee-efa2f974e0b0,MuscleTech_Nitrotech_Whey_Protein,2025-05-23,4,24017.349439999998
influencer,Campaign_2,41.0,aaed7d1a-adaa-4c85-92cd-568c6d370a5c,MuscleBlaze_Creatine,2025-06-15,2,164543.54964
influencer,Campaign_5,27.0,3bf1c41c-2bb3-4fb8-ba2f-9d5e5a1774e9,MuscleBlaze_Creatine,2025-08-07,1,8735.0
influencer,Campaign_5,27.0,1906df58-e781-40af-b207-17a13e6e41d4,MuscleTech_Nitrotech_Whey_Protein,2025-06-21,5,7926.0
influencer,Campaign_4,16.0,814621e6-5f56-4faa-bb54-f1a84e081116,HKVitals_ACV,2025-06-12,4,70367.22
influencer,Campaign_2,25.0,c71d3196-a274-400f-847a-a1c25ac96126,HKVitals_Omega3,2025-08-07,2,84577.87024
influencer,Campaign_2,35.0,782fd9cd-ff36-4ed5-9618-24ee7e5cc809,HKVitals_Multivitamin,2025-06-28,4,7198.0
influencer,Campaign_4,18.0,89d2497c-03b0-4d41-bd96-ba2ba8061374,MuscleBlaze_Creatine,2025-06-03,5,17456.66395
influencer,Campaign_4,18.0,206f0b09-6075-4017-8df4-c8eabaa7ed75,HKVitals_Omega3,2025-07-11,1,22545.98203
influencer,Campaign_1,21.0,589427ca-7dd2-4c8f-86ee-5070abb5266f,HKVitals_ACV,2025-05-18,4,165801.95283
influencer,Campaign_4,3.0,ac4adac5-73a6-44f0-a6d4-01b2af464e93,Gritzo_Super_Milk,2025-07-02,5,39110.31674
influencer,Campaign_1,1.0,bae5bead-016c-4463-8899-772db9fdf281,HKVitals_Omega3,2025-06-11,5,32960.43513
influencer,Campaign_4,48.0,df21428f-f4f8-46d8-b738-3fc1daa75d7a,MuscleTech_Nitrotech_Whey_Protein,2025-06-20,5,31414.247199999998
influencer,Campaign_4,23.0,f4313ddf-10be-4c16-9f8c-e195e5a4c4fb,Gritzo_Super_Milk,2025-07-14,4,46222.93808
influencer,Campaign_2,43.0,0f867d4b-3115-485d-aca5-14fb5b572f6d,MuscleBlaze_Whey_Protein,2025-05-17,1,15256.11538
influencer,Campaign_2,13.0,3a64690b-5227-47a0-b1ca-a0a94a3807c0,HKVitals_ACV,2025-07-15,2,41995.44274
influencer,Campaign_5,28.0,076455f2-9d47-4ae6-8b51-1d6d52251010,HKVitals_Omega3,2025-06-14,3,37157.5657
influencer,Campaign_1,3.0,6f69c36a-3d17-41b5-b5ee-8f2d397b14ff,MuscleBlaze_Creatine,2025-07-19,4,37355.42522
influencer,Campaign_1,43.0,18d12d39-bb3f-4cc6-afa7-a4a0270d3a80,MuscleTech_Nitrotech_Whey_Protein,2025-05-21,2,50486.73234
influencer,Campaign_1,41.0,47aad6ad-6230-4cf5-801a-dbfe983e513c,Gritzo_Super_Milk,2025-06-27,4,188274.99452
influencer,Campaign_1,11.0,91424b90-677c-47d2-b2ee-18adcf9b5e49,HKVitals_Omega3,2025-05-26,3,29013.4908
influencer,Campaign_3,30.0,6a97314e-61e5-44bc-85a1-36448a9fc97f,MuscleBlaze_Creatine,2025-06-09,2,51932.48949
influencer,Campaign_5,14.0,366dbfd1-4f1f-4a74-8937-d08e8600834d,HKVitals_Multivitamin,2025-06-15,4,133612.93322
influencer,Campaign_3,8.0,cc27f874-7c13-4aaf-aebc-a1b99686e1ac,Gritzo_Super_Milk,2025-06-09,3,18004.78798
influencer,Campaign_2,42.0,0d0b8b06-2d8c-4b41-80c6-7908c3c1253b,Gritzo_Super_Milk,2025-06-27,4,70473.0
influencer,Campaign_5,8.0,b75a833c-561d-4a55-80a2-f36faa1b3e9c,MuscleTech_Nitrotech_Whey_Protein,2025-06-10,2,25153.840460000003
influencer,Campaign_4,28.0,55d959d8-66d4-4989-a8a6-4568044896ac,HKVitals_Multivitamin,2025-07-04,3,120348.8866
influencer,Campaign_5,18.0,3075456e-f70c-4417-8bae-1e98d6442c8a,MuscleBlaze_Creatine,2025-07-19,1,21523.57438
influencer,Campaign_2,22.0,1d2b95fe-b112-4fbd-b39f-c56c4f92c018,HKVitals_ACV,2025-06-12,5,46331.69427
influencer,Campaign_5,44.0,4b3449d5-e25d-4080-a21f-651c4e15d9df,HKVitals_ACV,2025-07-16,2,68212.4573
influencer,Campaign_1,22.0,5b66adf3-2a08-4895-a0bb-2ca4941d7338,MuscleBlaze_Creatine,2025-07-27,2,65873.89815000001
influencer,Campaign_3,45.0,7a75012a-a757-4366-85bd-a55226b65cb4,MuscleBlaze_Creatine,2025-06-15,3,17416.38338
influencer,Campaign_4,33.0,58f8ca69-87d3-4a9b-885b-8384403b050c,MuscleTech_Nitrotech_Whey_Protein,2025-05-30,2,13127.0
influencer,Campaign_4,16.0,86e2859e-ef23-4831-adca-9ccebcb22d0e,MuscleBlaze_Whey_Protein,2025-07-28,4,206187.12399999998
influencer,Campaign_2,39.0,972cce52-f12e-4935-80d7-e1c354244b34,MuscleBlaze_Whey_Protein,2025-08-07,1,78011.20432
influencer,Campaign_1,33.0,5da2d723-832c-4000-b34b-96ce9a8d10fa,MuscleBlaze_Creatine,2025-06-17,4,9072.66108
influencer,Campaign_5,35.0,66154d61-d262-4234-a419-f80871858aa9,HKVitals_Omega3,2025-06-26,2,10907.0
influencer,Campaign_2,16.0,692df934-1479-4198-87fd-d4eb187a02a7,HKVitals_Omega3,2025-07-22,5,209806.0096
influencer,Campaign_1,38.0,cefd2946-bd70-4d3a-a080-d422bdcab9f6,Gritzo_Super_Milk,2025-05-14,1,115279.8955
influencer,Campaign_1,20.0,2984b25e-8a94-45fa-8dfe-85269ec4537e,MuscleTech_Nitrotech_Whey_Protein,2025-05-19,5,85638.19131
influencer,Campaign_4,47.0,b7a3ecd0-9c74-4280-b899-e3a9b447cf3e,HKVitals_Omega3,2025-05-18,1,67970.13294
influencer,Campaign_5,1.0,d5636355-dc0a-4719-b506-662a024da611,HKVitals_ACV,2025-05-28,3,7152.53626
influencer,Campaign_2,24.0,de452701-d9ec-467a-b9c0-8d4e722de417,Gritzo_Super_Milk,2025-06-30,1,50714.11917
influencer,Campaign_1,45.0,e7b9a44a-3ef4-40ff-9418-1799204e5bb5,HKVitals_ACV,2025-07-15,3,68562.60565
influencer,Campaign_1,37.0,10c57bad-479a-456b-9465-154e1875921f,Gritzo_Super_Milk,2025-07-02,3,14112.0
influencer,Campaign_2,42.0,12e1c7ce-e275-4f65-a0d9-25f40e4bf195,HKVitals_Multivitamin,2025-06-15,4,63321.450000000004
influencer,Campaign_5,49.0,2ea1675c-6fba-4ab7-b73f-549ae5f6b490,HKVitals_Multivitamin,2025-06-24,5,32428.070880000003
influencer,Campaign_1,21.0,71e3e53e-bfbd-4fd2-8762-a12d0bf8b343,MuscleBlaze_Creatine,2025-05-16,1,180112.63237
influencer,Campaign_2,3.0,98f3e365-823f-4b18-b132-053a43f5adcf,MuscleTech_Nitrotech_Whey_Protein,2025-06-06,1,33562.30032
influencer,Campaign_3,49.0,cfd161be-d68f-4270-a382-c00fafed5d0b,HKVitals_ACV,2025-06-07,1,76192.22586
influencer,Campaign_1,4.0,ac7c6777-13b5-46f0-98eb-f2f48c565917,Gritzo_Super_Milk,2025-06-08,1,47600.81238
influencer,Campaign_3,18.0,fb5c78bb-af3d-45d9-9cea-70922e451617,MuscleBlaze_Creatine,2025-07-24,4,20236.09808
influencer,Campaign_5,29.0,687712b4-a9b9-4a17-9f07-b1154f6f7a81,HKVitals_ACV,2025-08-10,4,20956.84256
influencer,Campaign_4,7.0,a625130f-cda0-4d78-96bd-fef0f8b0b5d1,Gritzo_Super_Milk,2025-06-18,2,65098.980670000004
influencer,Campaign_2,48.0,c1d64758-c669-4cc8-b99e-6d76369acf06,Gritzo_Super_Milk,2025-07-12,4,35752.5896
influencer,Campaign_5,27.0,aa46dec7-e015-40f3-afb0-db43b2dd7a02,HKVitals_Omega3,2025-07-23,3,3034.548
influencer,Campaign_3,36.0,e5d15145-b058-460f-9384-e788c90a1be2,MuscleBlaze_Whey_Protein,2025-07-14,4,10910.4324
influencer,Campaign_1,23.0,7dfce71d-8fe8-4cfd-8c79-037bd7913965,MuscleBlaze_Whey_Protein,2025-05-25,3,61843.733360000006
influencer,Campaign_1,40.0,a72272ba-c629-462a-81cb-2c4de1a15343,MuscleBlaze_Whey_Protein,2025-07-13,2,113129.39392999999
influencer,Campaign_1,49.0,14c9bb64-4c6c-4f16-9bdd-438c8d4ccad4,Gritzo_Super_Milk,2025-07-23,3,53657.46474
influencer,Campaign_4,24.0,22b82bdd-a4ad-4e9d-be13-0cf684cac9ab,MuscleBlaze_Whey_Protein,2025-06-19,1,12375.85932
influencer,Campaign_2,24.0,666098a8-35b0-41b7-88de-66aad1d03e5a,HKVitals_Omega3,2025-06-13,3,69412.42836
influencer,Campaign_2,5.0,a781a697-9e9b-4260-8a68-029942968eb4,HKVitals_ACV,2025-06-12,4,104523.59418
influencer,Campaign_2,43.0,a29cd6c6-d9e3-4cc5-9512-8e11d0db476a,HKVitals_Omega3,2025-08-08,1,51373.217020000004
influencer,Campaign_5,47.0,83927449-3bc1-46f2-937a-a7c23e71cd37,MuscleBlaze_Creatine,2025-05-17,4,73367.59404
influencer,Campaign_3,12.0,075e4c59-e730-430b-9f34-34abe2e27709,MuscleBlaze_Whey_Protein,2025-07-24,2,115441.25082
influencer,Campaign_2,6.0,9fa24e58-0a39-46fe-9b76-6595eb1ce2b7,MuscleBlaze_Whey_Protein,2025-07-22,3,211358.33635
influencer,Campaign_2,17.0,b163debe-84f7-4e06-b871-6d38137fff5f,MuscleTech_Nitrotech_Whey_Protein,2025-08-06,4,129042.99072
influencer,Campaign_3,14.0,1f246c25-baf7-490c-83f1-59d07ee5ab83,MuscleBlaze_Whey_Protein,2025-07-18,1,185943.98771000002
influencer,Campaign_3,15.0,26939c72-9757-49dd-bf67-70b8796bb5fd,HKVitals_ACV,2025-07-30,2,101708.29746
influencer,Campaign_3,20.0,44301b91-3f33-4006-b0fb-eb7724ab4fbc,MuscleBlaze_Creatine,2025-06-21,2,35626.25997
influencer,Campaign_1,37.0,84fdaa45-2a9e-4a73-8609-58f025c71892,HKVitals_Multivitamin,2025-05-22,2,36108.44412
influencer,Campaign_4,31.0,084ca9cc-71de-426d-a3ab-cb57950bcbe9,MuscleBlaze_Whey_Protein,2025-06-23,1,27484.097879999998
influencer,Campaign_1,9.0,43d917e2-718a-4cc3-98ae-9c2b79d263d4,HKVitals_ACV,2025-05-22,2,53041.27304
influencer,Campaign_5,1.0,e43846eb-0df2-48a9-8bb9-65e939bfc9bd,MuscleTech_Nitrotech_Whey_Protein,2025-07-02,4,13824.892230000001
influencer,Campaign_5,9.0,a92a4027-4536-4eaa-af13-f2193572ad46,HKVitals_Multivitamin,2025-07-25,1,159394.89888
influencer,Campaign_4,28.0,c01c5d28-4932-4316-afe5-da247e917cf6,Gritzo_Super_Milk,2025-07-23,3,95464.94845
influencer,Campaign_3,25.0,8bf6fb11-db32-4729-9b47-d2917339bef2,MuscleBlaze_Whey_Protein,2025-06-06,2,134868.88096
influencer,Campaign_3,2.0,9c87ae72-128e-406c-82dd-ef473fc5f0da,MuscleBlaze_Creatine,2025-05-26,3,68941.12838
influencer,Campaign_2,19.0,854a3868-1710-4815-944f-6b3f337b0034,MuscleBlaze_Creatine,2025-06-01,1,103023.31839999999
influencer,Campaign_4,27.0,818fd49a-26d7-45d6-9512-19fa8723bc0a,HKVitals_ACV,2025-06-24,1,2073.0
influencer,Campaign_1,44.0,113801cf-68da-4117-a1ff-0b0919ff9c25,MuscleTech_Nitrotech_Whey_Protein,2025-05-23,4,69298.0667
influencer,Campaign_2,3.0,17e77956-de92-4b22-984b-407cc6ce6975,Gritzo_Super_Milk,2025-07-09,3,26807.79598
influencer,Campaign_2,25.0,65f9a730-2860-42ef-bbd8-1693e12161c7,HKVitals_ACV,2025-07-03,2,118267.9648
influencer,Campaign_5,16.0,661240da-c50c-4f2a-9feb-a7411c76b9b2,HKVitals_Multivitamin,2025-05-18,4,174063.9296
influencer,Campaign_3,6.0,d5c802ee-2163-4adb-9e59-61122057d86a,HKVitals_Omega3,2025-07-29,1,196957.663
influencer,Campaign_2,43.0,f212085f-dc45-4bf1-b304-908d0c34af55,HKVitals_Multivitamin,2025-05-18,4,43752.3084
influencer,Campaign_5,24.0,f39c4f99-470f-41cc-a0e8-90bb446359d9,MuscleBlaze_Whey_Protein,2025-06-17,4,63553.325880000004
influencer,Campaign_4,30.0,e904bd9f-ad09-499f-88fa-4017af943433,MuscleTech_Nitrotech_Whey_Protein,2025-06-30,5,59456.27772
influencer,Campaign_5,49.0,ad46886b-96a3-4edd-a118-0239c1f0cfe6,MuscleTech_Nitrotech_Whey_Protein,2025-06-03,4,25385.95803
influencer,Campaign_2,16.0,982e7065-edac-4181-a6b5-ccd0bb2e3620,Gritzo_Super_Milk,2025-07-14,3,173751.1864
influencer,Campaign_4,3.0,e4a797ac-2c0a-4754-b6a8-8c4e55ef3ab5,HKVitals_Omega3,2025-06-30,4,28334.186
influencer,Campaign_1,26.0,e4bb934d-4972-4dff-81ba-c206555512a2,Gritzo_Super_Milk,2025-07-19,3,56577.65445
influencer,Campaign_3,16.0,73fb786f-41af-4a44-b42c-d5b2d43573a9,MuscleBlaze_Creatine,2025-06-10,4,209850.6872
influencer,Campaign_2,19.0,7fa39a6d-2c41-45da-9f0d-c568ed348d22,MuscleTech_Nitrotech_Whey_Protein,2025-08-04,1,128797.4016
influencer,Campaign_2,28.0,a482610a-79b3-4023-b294-691c30bf5006,HKVitals_Omega3,2025-07-02,1,21455.89255
influencer,Campaign_2,18.0,71fc6ab3-f1b0-46e9-91af-cb4da2b6d710,HKVitals_Omega3,2025-06-08,1,20039.18994
influencer,Campaign_4,18.0,a50a6df8-b0eb-40fc-806f-f3222c6c6c72,MuscleBlaze_Creatine,2025-07-05,4,15002.88559
influencer,Campaign_1,29.0,25ad81b0-73a1-448a-80f7-3aaf4c280dcd,HKVitals_Omega3,2025-05-31,2,23628.5168
influencer,Campaign_4,43.0,1078d3fb-6a92-45c5-abb8-7c6cd8e501dd,MuscleTech_Nitrotech_Whey_Protein,2025-07-25,1,67487.2208
influencer,Campaign_5,10.0,b4a6aaab-a240-49f8-844f-4c617637a3f0,Gritzo_Super_Milk,2025-06-26,3,93953.11491999999
influencer,Campaign_1,16.0,30efae79-dbd6-4983-b369-b0aa91933900,Gritzo_Super_Milk,2025-07-20,3,213112.152
influencer,Campaign_2,32.0,d44de6f5-df2b-4644-a670-1dcf15c3e2fb,MuscleBlaze_Whey_Protein,2025-06-10,3,83427.98490000001
influencer,Campaign_1,38.0,40d5737d-0955-405e-bc46-a0adf19d29d4,Gritzo_Super_Milk,2025-06-24,4,148666.15095
influencer,Campaign_1,46.0,b4e3b937-0de5-4b82-8ff2-ce4884172361,HKVitals_Omega3,2025-06-24,1,77799.18188
influencer,Campaign_4,14.0,c7e4394c-6db2-4f53-a9cb-d77e5b52f92f,MuscleBlaze_Creatine,2025-06-10,4,58877.51896
influencer,Campaign_5,11.0,1dde274d-2741-4a05-979b-8dfd4763fc5e,MuscleTech_Nitrotech_Whey_Protein,2025-06-29,4,13288.937759999999
influencer,Campaign_3,50.0,00517d8a-9bb6-4bf7-96fc-94d092714324,MuscleBlaze_Creatine,2025-08-04,4,94907.76120000001
influencer,Campaign_5,17.0,eaf89fc0-dbe9-4435-a3e8-9b8692e12c46,HKVitals_Multivitamin,2025-07-01,1,65588.94657
influencer,Campaign_4,19.0,c8478c74-d0f0-4e67-8565-cc0d4da13f74,HKVitals_Omega3,2025-06-20,4,105834.3728
influencer,Campaign_2,17.0,de131786-6505-45b4-a2e1-2a2eafafa8e2,Gritzo_Super_Milk,2025-06-12,1,43884.105299999996
influencer,Campaign_5,43.0,7317f980-efaa-497a-b4c6-674f468ca884,HKVitals_Multivitamin,2025-07-23,4,66715.12124
influencer,Campaign_1,6.0,a8be69ed-bb5c-4172-bc9a-f0769d147849,Gritzo_Super_Milk,2025-06-14,1,64778.286649999995
influencer,Campaign_3,24.0,af207276-7109-4718-b8bc-59bcaa037e31,HKVitals_Multivitamin,2025-06-18,2,68007.43950000001
influencer,Campaign_4,18.0,63340895-1e7b-42d3-b357-4dc31e4b16c5,MuscleTech_Nitrotech_Whey_Protein,2025-07-19,3,30588.92221
influencer,Campaign_4,15.0,d3d85e17-7936-4fe2-ad27-19f932dccffb,HKVitals_Omega3,2025-05-16,2,55165.2948
influencer,Campaign_5,24.0,7b1a70cd-fbc1-4989-a10e-9db62a8738df,MuscleBlaze_Whey_Protein,2025-05-29,3,37859.96577
influencer,Campaign_2,35.0,f8fda390-a13e-45dc-88c9-e7bfaafc2228,MuscleTech_Nitrotech_Whey_Protein,2025-08-07,3,7055.0
influencer,Campaign_5,31.0,31dc8724-0fae-40c7-ae49-69fd3f3ec818,Gritzo_Super_Milk,2025-06-13,3,15152.37186
influencer,Campaign_5,47.0,bd2b68de-7766-4f11-8bde-8d4bd3dc4d2c,MuscleBlaze_Creatine,2025-05-28,3,60186.425879999995
influencer,Campaign_4,36.0,1ad30abc-5015-4a7f-aac6-952c95c59883,HKVitals_Multivitamin,2025-08-08,3,8703.0
influencer,Campaign_5,9.0,ff8a4111-79dc-4528-bc65-2496e85dbb90,HKVitals_ACV,2025-06-15,2,40707.14396
influencer,Campaign_5,21.0,c053e0cd-2cf6-43ec-b0ac-764f6d8a2c3d,MuscleBlaze_Whey_Protein,2025-06-15,2,149867.05506
influencer,Campaign_4,29.0,7422897e-326b-4c2c-add8-cac0bada59ce,MuscleBlaze_Whey_Protein,2025-06-30,3,63215.25984
influencer,Campaign_4,24.0,8bf6cda4-7186-4a13-8e5f-4c7843296644,MuscleBlaze_Whey_Protein,2025-07-03,4,21747.43395
influencer,Campaign_5,37.0,4dcfc7cc-0faa-48e8-b3fe-abd24f3159db,Gritzo_Super_Milk,2025-07-19,1,11962.11198
influencer,Campaign_3,24.0,b907767e-98c5-4d03-86df-ce3ae1b99be6,MuscleBlaze_Whey_Protein,2025-07-12,4,35049.98805
influencer,Campaign_3,31.0,077093b2-f2fa-477a-9962-1f3848b6bd90,HKVitals_Multivitamin,2025-05-23,1,25162.22478
influencer,Campaign_4,22.0,1f54d2b3-6f97-4de0-b20a-4ef9fbcf5e1b,MuscleTech_Nitrotech_Whey_Protein,2025-06-27,3,99818.05797
influencer,Campaign_1,15.0,8d7ccc27-8547-4568-ab4a-d5ed988772ef,HKVitals_Omega3,2025-07-31,1,29559.041820000002
influencer,Campaign_2,22.0,a742cd8f-24a3-49d5-9882-81d4036b8d52,MuscleBlaze_Creatine,2025-07-16,2,33457.92015
influencer,Campaign_5,34.0,43d850b5-b910-47e5-8836-c1c83525c709,HKVitals_Multivitamin,2025-07-21,2,45283.2464
influencer,Campaign_3,38.0,834576a5-df3c-4359-8364-cbafb18f8784,MuscleTech_Nitrotech_Whey_Protein,2025-07-26,4,114261.83928
influencer,Campaign_5,26.0,1f12af02-8a91-464b-be65-05545af25c41,Gritzo_Super_Milk,2025-06-15,5,99313.6809
influencer,Campaign_1,13.0,42dec680-65ad-4ab2-9676-fe9a689d928d,MuscleBlaze_Whey_Protein,2025-05-23,1,46029.77164
influencer,Campaign_4,37.0,5819650e-3e57-4934-a1ae-e534dc1bf628,HKVitals_Omega3,2025-06-20,3,21766.60164
influencer,Campaign_2,6.0,77caa890-f829-4873-a03c-5953c60ea758,HKVitals_Multivitamin,2025-05-26,3,196215.36025
influencer,Campaign_1,7.0,3b238548-b377-45e2-ac87-79fc3ec067ec,MuscleBlaze_Creatine,2025-05-23,4,12650.09272
influencer,Campaign_2,47.0,93ea5023-ecb1-486b-a622-efdf1be1cef1,HKVitals_Omega3,2025-07-20,4,53444.33412
influencer,Campaign_5,41.0,b00c891e-7949-49bc-8a28-1559746b4964,HKVitals_Omega3,2025-05-20,1,92851.35252
influencer,Campaign_2,31.0,f1cfdd33-d4f1-40e1-a19b-93be490d8f17,HKVitals_Omega3,2025-07-15,4,34587.30966
